Timestamp,Strain_Score,Pitch_Hz,Is_Anomaly
1771696901.5455732,-0.5256221309097362,273.621652041232,1
1771696901.5519202,-0.5824118472313785,107.97568411997769,1
1771696902.796045,-0.5370982119959579,611.362734709986,1
1771696902.83795,-0.49659519157612,50.080860059106556,1
1771696904.345328,-0.5729435934485925,64.09901944440206,1
1771696904.987392,-0.5964377460826796,58.18061570812989,1
1771696905.841803,-0.48543851015838624,54.094683588866445,1
1771696907.606061,-0.587150203592306,62.88177245883467,1
1771696908.293088,-0.5921084989547583,63.91723903900984,1
1771696909.1423318,-0.5883257816619364,58.414094518761374,1
1771696910.195961,-0.5346640717522023,75.95954670990272,1
1771696910.239899,-0.5534058500094251,71.61909129556808,1
1771696914.274604,-0.5844915903251728,98.98323157230054,1
1771696914.3186219,-0.545384992840966,101.74827896902445,1
1771696914.779897,-0.5492887789860796,65.28800120714793,1
1771696919.6683981,-0.5581408346615782,77.012101633785,1
1771696923.6974342,-0.5215210136258953,291.329607847805,1
1771696923.735957,-0.5720885457462168,53.730744757355374,1
1771696926.379641,-0.5844915903251728,98.73686206952777,1
1771696926.4179509,-0.5526014554639581,166.42617765141836,1
1771696927.5651891,-0.5835720733236276,100.11659598145788,1
1771696927.6142771,-0.5797283153459805,100.23312604632086,1
1771696928.667563,-0.5835720733236276,100.34860123584144,1
1771696928.71773,-0.5840962650647954,99.15170431977549,1
1771696969.101878,-0.41822322070231754,143.2326258175205,1
1771696969.219361,-0.46889990157706213,126.28594358965067,1
1771696969.697828,-0.5228465920714488,335.1654266595651,1
1771696969.765512,-0.49869614595038647,50.08927868927768,1
1771696970.202378,-0.4847011101137,124.5588144001988,1
1771696970.2463732,-0.48258727709744703,118.98052712133733,1
1771696970.3134139,-0.46493788867715147,133.65666700032816,1
1771696970.5472288,-0.506399260027223,128.97589690828605,1
1771696970.660577,-0.47315812469396723,125.84942072666031,1
1771696970.704349,-0.6589193234374492,1011.9845537748133,-1
1771696970.748682,-0.49919799299532225,851.8988604832579,1
1771696970.799697,-0.4268972168392019,129.90970865377722,1
1771696970.844933,-0.4930891944051993,103.73449325398092,1
1771696970.961343,-0.5492387819339191,92.22194919390074,1
1771696971.005881,-0.5209566173732585,114.89995360204296,1
1771696971.049542,-0.4621958695048804,117.18728976034852,1
1771696971.093031,-0.5139947669039056,60.11398712480878,1
1771696971.1623511,-0.5367937189132871,109.73588634525133,1
1771696971.212659,-0.4524513333958003,124.38240867895674,1
1771696971.300391,-0.4493072650773272,112.23030006842163,1
1771696971.349313,-0.5046612610636428,84.3145917563058,1
1771696971.392962,-0.5689765441517393,823.4616894882198,1
1771696971.4616451,-0.5450989258185697,822.7019575856042,1
1771696971.505158,-0.4936826769737578,105.92990808363164,1
1771696971.555437,-0.43551167781671835,122.30240966841744,1
1771696971.599896,-0.504796503980606,326.41516780092394,1
1771696971.64622,-0.4952852901591971,94.65779185589668,1
1771696971.6935098,-0.4661946761768323,120.76027996391652,1
1771696972.012741,-0.5277963996626499,56.45828287498404,1
1771696972.056946,-0.46991670530761115,337.76422656387876,1
1771696972.107369,-0.5106564332421708,142.09078610694084,1
1771696972.199338,-0.4480270749619823,118.52217058568277,1
1771696972.242636,-0.5642066517775003,95.01894601240188,1
1771696972.359862,-0.5642328374628506,119.69177539261,1
1771696972.4040902,-0.5371305559326754,102.17513510717212,1
1771696972.498368,-0.5116079396030048,115.44967249290009,1
1771696972.548639,-0.4691214624474593,115.21392142499082,1
1771696972.6126962,-0.5230370772382412,117.17312024102971,1
1771696972.957697,-0.5434396308067655,61.37879304371327,1
1771696973.001459,-0.44657236728853644,324.4425392803608,1
1771696973.4046452,-0.5518642162237049,124.3499402595936,1
1771696973.504599,-0.5146004232169188,59.278818759375895,1
1771696973.553073,-0.5223751578286144,111.78693878549767,1
1771696973.596,-0.5337548695869953,106.32682510618939,1
1771696973.645563,-0.49651416208969373,117.34666611198793,1
1771696973.712683,-0.5028105493783758,116.47264742861962,1
1771696973.756137,-0.44701227981286457,111.72153637319757,1
1771696973.805467,-0.4868806079901684,112.54958860739579,1
1771696973.849142,-0.5326318118567906,561.8645200655282,1
1771696973.8927438,-0.45971889241975444,120.70971485929091,1
1771696973.941993,-0.5373445114037394,366.55450484546697,1
1771696974.009846,-0.46709280167117956,95.53907851816105,1
1771696974.05949,-0.5222719395720529,118.60930875876358,1
1771696974.154559,-0.4906234598486824,151.27228208157973,1
1771696974.195819,-0.4761744275558618,121.13083900161939,1
1771696974.244156,-0.5947115257527643,111.77008958642803,1
1771696974.309549,-0.4774481217284031,114.90692225280095,1
1771696974.35345,-0.5142313613253917,115.598048409492,1
1771696974.447708,-0.47516909419516173,120.89079737344211,1
1771696974.558718,-0.5075193382031538,106.9312969110506,1
1771696974.651457,-0.5069876082641627,104.90893668028609,1
1771696974.701202,-0.53146973018936,110.57721930637376,1
1771696974.745058,-0.5357725019713243,117.25339031699707,1
1771696974.788949,-0.5901458954687938,850.3223123034055,1
1771696974.863049,-0.5061546111402582,101.2981773499625,1
1771696974.905637,-0.48959953999223954,108.86333736554785,1
1771696974.9490612,-0.5407051312221499,113.04575921166965,1
1771696975.046058,-0.5026279807731073,81.42643961241346,1
1771696975.116332,-0.4258177156344575,133.3962042900927,1
1771696975.252602,-0.5495254237179625,862.9855473510748,1
1771696975.29643,-0.48594625452386025,50.0,1
1771696975.639644,-0.6145866981296955,1153.7545720078836,1
1771696975.708128,-0.4832239675815571,57.10037401214535,1
1771696975.850334,-0.4830712151966437,108.04733111699794,1
1771696975.894527,-0.47734057875485286,93.47792146491615,1
1771696975.9614642,-0.4745590234104954,85.72754960557866,1
1771696978.5684211,-0.5062028553203826,198.64820769148028,1
1771696978.610075,-0.5546269259092198,96.69109738131125,1
1771696980.07566,-0.48898100957873736,293.31966871075656,1
1771696980.099916,-0.5417378617128673,97.14157415335349,1
1771696980.1424818,-0.5297704335256737,297.10310388011357,1
1771696983.4017248,-0.5844915903251728,98.76567423843737,1
1771696983.445148,-0.5869990304840822,98.10096279045176,1
1771696984.755577,-0.5255166306530357,293.52744147357197,1
1771696984.803396,-0.5746827079408683,96.98208570395845,1
1771696984.845532,-0.577082145720653,98.97134514679323,1
1771696985.400861,-0.5869990304840822,98.48721774425802,1
1771696985.447434,-0.5257828455043747,298.3870474131442,1
1771696986.934774,-0.587396320380366,98.35522869030927,1
1771696987.009484,-0.5273503541400085,293.7183350529032,1
1771696988.203988,-0.5840962650647954,99.0222806940507,1
1771696988.293306,-0.4830156509861837,239.5668856825474,1
1771696998.916128,-0.50332958551264,772.4428080104805,1
1771697018.0884008,-0.4685195691977355,327.8878375999512,1
1771697033.635016,-0.5883257816619364,51.87005783845757,1
1771697033.6784708,-0.5964377460826796,54.677766926722256,1
1771697038.138013,-0.5913078157933429,50.0,1
1771697038.183481,-0.5921084989547583,50.0,1
1771697043.2795148,-0.5238912357331116,299.6026653987022,1
1771697043.4157891,-0.5761301521176015,98.552180447375,1
1771697045.1291468,-0.53012899023473,291.76138171241735,1
1771697045.161521,-0.4683597217696677,287.41389699147527,1
1771697046.5614662,-0.522122456487301,167.63445116467526,1
1771697046.6727989,-0.587396320380366,98.44783127213698,1
1771697047.522055,-0.5869990304840822,98.46728864608993,1
1771697047.57186,-0.53012899023473,293.1139684030774,1
1771697048.809448,-0.5844915903251728,99.47520231164846,1
1771697048.87846,-0.49549721034049815,297.81476657705025,1
1771697053.826783,-0.5831773699854541,100.14086882408589,1
1771697053.8781419,-0.5746119941050819,99.08482870213673,1
1771697055.0123441,-0.5217848235552813,109.08913887127962,1
1771697055.288079,-0.5216497571948537,124.62928231133043,1
1771697055.378081,-0.5115963101268768,86.15411970978131,1
1771697055.4220328,-0.5831327004977207,96.7143588944149,1
1771697055.476511,-0.5601850474710937,111.68177261215124,1
1771697055.523408,-0.5656555077344746,740.3843571858819,1
1771697055.566496,-0.4485662582460091,87.30014951474448,1
1771697055.6120389,-0.4959306611121764,126.44846240733938,1
1771697055.6816251,-0.5114206968654538,101.58641119545676,1
1771697055.720075,-0.48431078920779586,124.60500432241041,1
1771697055.862286,-0.4887385289311577,144.70565485445934,1
1771697055.928763,-0.48779883855247963,125.58572921423502,1
1771697056.020052,-0.5198132374143773,116.43271960475833,1
1771697056.068322,-0.4968110797564887,88.92235857015248,1
1771697056.1488361,-0.5265417266067698,112.10451292379116,1
1771697056.228338,-0.48951301887282817,120.9240011084013,1
1771697056.319548,-0.4456854325894245,151.14346599516517,1
1771697056.364224,-0.48455911198381946,62.17604451424552,1
1771697056.4093802,-0.5843175213563911,95.01409035840307,1
1771697056.52304,-0.45998774579185825,125.15023694264924,1
1771697056.61816,-0.5456402607010628,116.40614478210914,1
1771697056.708599,-0.6339527230233002,1354.7617346630113,-1
1771697056.778475,-0.5086340064109447,116.09517336681466,1
1771697056.823215,-0.562787946326355,112.97041672188591,1
1771697056.8704698,-0.5074594410709942,126.82242343129421,1
1771697056.9145799,-0.5036754810409632,120.62055662559005,1
1771697056.9584,-0.46677937967704497,127.59132115054734,1
1771697057.008018,-0.4884342772644917,118.93875081813269,1
1771697057.074961,-0.5914477087057406,87.08367044809569,1
1771697057.119742,-0.4398757880570397,150.29309704107672,1
1771697057.168087,-0.4912157074405251,123.2135964603084,1
1771697057.21343,-0.4771977730237397,117.54845737307289,1
1771697057.261363,-0.48247994512342407,94.77991683071815,1
1771697057.30465,-0.4798036590250606,81.84257009913783,1
1771697057.4189959,-0.5384014820863532,602.7063249081733,1
1771697057.461919,-0.5431300683953918,94.64783796420359,1
1771697057.5119302,-0.5365065753972678,118.5461861815454,1
1771697057.5558872,-0.5084440047279181,121.8234388924949,1
1771697057.6708102,-0.5229625386017027,116.15577290004917,1
1771697057.714238,-0.47536572043600056,113.39880410455577,1
1771697057.763382,-0.528347866432713,79.27178449769383,1
1771697057.8072152,-0.45299071833240534,139.05540028178635,1
1771697058.112118,-0.5255336196310866,108.34845639356367,1
1771697058.158795,-0.5317550509675354,92.76212064330679,1
1771697058.226345,-0.49065818263723554,117.01646593872972,1
1771697058.3129358,-0.5394655484341367,569.1981255578883,1
1771697058.362603,-0.5279923954904416,88.58625325758435,1
1771697058.4048672,-0.5080164764889283,102.46584956356664,1
1771697058.4739032,-0.5438747227697742,99.85024670590401,1
1771697058.771889,-0.49869138003663793,140.2614194805536,1
1771697058.817696,-0.5693692185775606,106.42522240134129,1
1771697058.870902,-0.5095269735560423,103.39552935549658,1
1771697059.166622,-0.5202404154311195,219.3408681619961,1
1771697059.210512,-0.5081498819293884,109.06081992397431,1
1771697059.2531729,-0.5043633386994636,120.64198481239085,1
1771697059.326497,-0.5111566259404096,95.2837228508081,1
1771697059.370208,-0.4971214939358875,95.25829279539943,1
1771697059.414042,-0.4737029657172292,122.2885310046208,1
1771697059.5079591,-0.48989726693427765,125.12398205548384,1
1771697059.5518851,-0.49815313898144004,93.11014762692542,1
1771697059.6196322,-0.5774025529745951,109.9353647265976,1
1771697059.762998,-0.5359894721466741,80.07112368306117,1
1771697059.8075242,-0.5526108293670595,54.128377632869615,1
1771697059.851115,-0.5497813530275665,75.51815150939585,1
1771697062.468865,-0.545938321081365,167.24468400187718,1
1771697062.5182312,-0.5266119882334414,159.5417231080756,1
1771697062.5623412,-0.5376819298290344,162.6412939845678,1
1771697062.605418,-0.5137128443233733,165.37364231936408,1
1771697062.653715,-0.5208761650981447,163.78206389017294,1
1771697062.720732,-0.5208761650981447,163.16009390870735,1
1771697062.7697449,-0.5489421737324078,159.29278061177726,1
1771697062.813233,-0.556687299219248,154.6184184182581,1
1771697062.8572521,-0.5555585041724371,154.0557704254471,1
1771697067.754546,-0.5136831123606297,150.32262762667582,1
1771697067.825952,-0.5359198481421006,161.89041386576847,1
1771697067.862983,-0.5577728399832044,166.58461382661048,1
1771697067.911933,-0.5497892042909729,156.75101915964254,1
1771697067.956239,-0.5088980219909475,147.77086643006484,1
1771697067.999428,-0.5190547047002426,148.29608197051948,1
1771697068.048556,-0.47011556632086066,158.18445822683978,1
1771697068.116013,-0.38207112709745994,291.6651525613674,1
1771697068.1662269,-0.5054115522191189,174.13147153118834,1
1771697068.2112682,-0.48269283212984143,160.4788288221852,1
1771697068.258038,-0.4488200814307474,298.4435963974333,1
1771697068.3053272,-0.4925182271398136,136.75530982167376,1
1771697068.373999,-0.5150949831075257,132.41810353276392,1
1771697068.418988,-0.5377087852349827,132.4093470324701,1
1771697068.463223,-0.5320675300791226,133.76691885315947,1
1771697068.969503,-0.5440655650352509,145.60057990114282,1
1771697069.0140412,-0.5370655875690663,136.24812178259037,1
1771697069.058995,-0.5262119134644466,134.88933460144895,1
1771697069.235219,-0.5383368923090527,152.71089180509463,1
1771697069.268447,-0.5138997361866648,149.25038388666002,1
1771697069.3109918,-0.5156762455588985,146.30422663481139,1
1771697069.371009,-0.5049664245895177,151.10097383230666,1
1771697069.405887,-0.447915425176657,151.70644594426747,1
1771697069.449922,-0.4796001144533588,177.40572349046397,1
1771697069.612423,-0.5296706122171576,424.8952810983889,1
1771697069.6578088,-0.5476227211368638,139.05635572158755,1
1771697069.701355,-0.5229630296706786,140.4430827760287,1
1771697069.744288,-0.5408478272459579,145.59654747414228,1
1771697069.818261,-0.5260263526944777,143.17798764738765,1
1771697069.9115222,-0.5087410932187968,130.11104365021572,1
1771697069.9580538,-0.525964664090646,126.6971360111006,1
1771697070.003793,-0.45571853905283666,127.49583762899421,1
1771697070.759351,-0.5513626681564491,648.2958903761346,1
1771697070.806676,-0.5110566295937047,161.16248260227644,1
1771697070.8554392,-0.4863930331869874,204.1007429320131,1
1771697070.9244769,-0.4812317061702354,206.88958689685873,1
1771697070.963228,-0.4944231885985715,195.3184693369665,1
1771697071.013561,-0.4543635731247564,189.3738092795189,1
1771697071.058526,-0.4866852410242779,199.87356039381862,1
1771697071.1022038,-0.4874019058534688,195.609826603347,1
1771697071.145359,-0.48247302332789105,185.32804088032773,1
1771697071.213563,-0.4961083134037604,421.0781025223075,1
1771697071.778877,-0.48651458159600053,615.2993884432502,1
1771697071.818061,-0.48242801854783374,166.68173075998754,1
1771697071.859777,-0.4597983029534535,173.27552361538415,1
1771697071.903062,-0.44384316958555525,197.3620861925655,1
1771697071.954253,-0.44386418895320034,199.76315994024506,1
1771697072.112996,-0.5134734381969249,212.1318467352786,1
1771697072.156781,-0.5141982841707985,205.51572444192615,1
1771697072.206312,-0.48820552596950334,200.81322093575525,1
1771697072.250572,-0.4637805352269867,199.1270830622926,1
1771697072.31866,-0.4457112925881497,193.46160617906185,1
1771697072.3618639,-0.40605486491755244,174.83148795787164,1
1771697072.411726,-0.5018153214756583,166.2293317450938,1
1771697072.4558651,-0.5141996391423733,173.5074174336158,1
1771697072.501239,-0.49164383455694216,187.83419718213102,1
1771697072.5518541,-0.4899068698970842,191.85545511455072,1
1771697072.6231291,-0.4899068698970842,190.78150420534803,1
1771697072.663427,-0.4515825310977477,186.4919737147319,1
1771697072.708996,-0.6161524043430046,104.43860656782472,1
1771697072.752175,-0.6006937557543987,1003.5190761983499,1
1771697072.8030772,-0.48386202559159325,159.47482794198874,1
1771697072.846845,-0.5162752019333791,154.52571620249708,1
1771697072.912883,-0.5106310599917665,152.07919142114463,1
1771697072.964449,-0.5596205131840062,154.50650772700604,1
1771697073.008511,-0.5441186807203394,155.59591897991797,1
1771697073.052133,-0.5368454464146666,157.9366030212523,1
1771697073.096023,-0.5254704383351078,161.479324399377,1
1771697073.2139351,-0.4541344799261827,331.0939868705745,1
1771697073.259094,-0.5205779999649525,174.8816066885254,1
1771697073.30958,-0.5294279174258976,171.93920529897062,1
1771697073.3561652,-0.5248705589283706,173.21379766246469,1
1771697073.402566,-0.5289956016402172,173.05709928208262,1
1771697073.468701,-0.5505101157060871,172.47935006009195,1
1771697073.511841,-0.54758436977956,171.09879765069414,1
1771697073.557245,-0.5514618162029175,169.37623001021203,1
1771697073.60808,-0.5537242423191739,164.87893421413673,1
1771697073.652128,-0.5248777976498908,363.05280925535,1
1771697073.695967,-0.5180977709362535,156.13826106301312,1
1771697073.7645361,-0.5134578425297842,143.112295317394,1
1771697073.811782,-0.39345896278360964,375.8163262085516,1
1771697073.9055932,-0.4314754799830581,172.46451082297665,1
1771697073.949462,-0.542626419521232,162.29804626435384,1
1771697074.0165179,-0.5532856711175931,160.6782662045383,1
1771697074.066646,-0.5120344121879368,497.60016076998863,1
1771697074.10991,-0.48683268710448374,164.17396163328976,1
1771697074.155433,-0.4899240707317319,152.50225793400895,1
1771697074.1993759,-0.5439009319463249,149.18151637055556,1
1771697074.252222,-0.5324708876248716,127.38500393825605,1
1771697074.316258,-0.5170877932623333,127.85449032960265,1
1771697074.360855,-0.4889538285385693,148.487397303723,1
1771697074.4107919,-0.5417356993601252,163.339411943162,1
1771697074.454693,-0.4749553705628987,169.81886751283477,1
1771697074.497841,-0.47865019068743714,373.3135617066817,1
1771697074.5466518,-0.4567811526413698,132.87325206214598,1
1771697074.8007739,-0.5831686387298554,712.8651584073572,1
1771697074.868445,-0.6003977820613631,1353.2278152637696,1
1771697079.0462961,-0.6162197235363964,1535.7309734651878,1
1771697079.159534,-0.5209767561651275,597.1404252857284,1
1771697079.211688,-0.4902658661774624,187.32846693725688,1
1771697079.253738,-0.5136478109908391,561.2089546552934,1
1771697079.298366,-0.48478702883083646,170.026691650383,1
1771697079.342827,-0.5016992206845653,159.56801263824494,1
1771697079.415833,-0.47917154792321043,164.51376506072293,1
1771697079.458244,-0.5138981946604964,171.3025803484238,1
1771697079.552202,-0.5201079861211039,926.7048512886378,1
1771697079.5942678,-0.44593327326849436,149.47211410069212,1
1771697079.677106,-0.513274422550057,162.3485137738161,1
1771697079.712435,-0.5241430261291905,164.24692157829472,1
1771697079.760563,-0.5249662130594562,165.70426847203092,1
1771697079.805143,-0.5381081324623995,165.25499097880592,1
1771697079.8488882,-0.5134430082411338,162.49454585129905,1
1771697079.895377,-0.4305207120754734,264.4901960067659,1
1771697079.965322,-0.5096118301565774,160.06958636426978,1
1771697080.007497,-0.5611804657080078,312.33975038510096,1
1771697080.8653061,-0.5913078157933429,50.741334179060345,1
1771697080.9093802,-0.5763140107121745,50.0,1
1771697082.997201,-0.497013157395806,234.3545279312245,1
1771697083.068091,-0.5052977251650239,223.68858919967542,1
1771697083.11074,-0.489082104295479,231.69375238261614,1
1771697083.1543522,-0.4938947105035934,240.55792580548663,1
1771697083.1984901,-0.48277837157181835,240.41655642669528,1
1771697083.248437,-0.48790423429776175,235.91686942326066,1
1771697083.290998,-0.48512254902564883,235.03525096237112,1
1771697083.362868,-0.4960834767621794,236.91346270821904,1
1771697083.410005,-0.49436899694098446,245.36369391636651,1
1771697083.454531,-0.49869736607448345,240.4252340784565,1
1771697083.499607,-0.4925209153324124,244.03437196695162,1
1771697083.556401,-0.4796007396662068,321.7794921968648,1
1771697083.593497,-0.4802794873197628,313.88831759943287,1
1771697083.661123,-0.49044007312282806,327.2766700654128,1
1771697083.705493,-0.4746917234678331,317.55643247769734,1
1771697083.7554271,-0.4235584447879572,261.81750148723637,1
1771697083.798749,-0.420146940861433,210.63167455171222,1
1771697083.846271,-0.45210735965370147,195.23613394942558,1
1771697083.9125051,-0.5050423889426773,172.50328345516982,1
1771697083.957282,-0.5725623237811516,820.3455821521435,1
1771697084.007843,-0.3893979953458207,191.74812020977052,1
1771697084.0527868,-0.43046038922081464,203.42349345650925,1
1771697085.498421,-0.5193694123755735,190.52060517112218,1
1771697085.542418,-0.5303922011847979,172.2317655233568,1
1771697085.611897,-0.512159425246805,453.81742715875004,1
1771697085.70519,-0.4982480864927793,205.7311808074253,1
1771697085.751796,-0.5056006349027923,186.82811807867154,1
1771697085.7966971,-0.5304299163594886,184.75345369051502,1
1771697085.843559,-0.4950833569668378,177.09129919439386,1
1771697085.919415,-0.5289844606561953,164.78981648405423,1
1771697085.959965,-0.5266119882334414,159.09911365348614,1
1771697086.001374,-0.49019565299688456,155.8237573114817,1
1771697086.045438,-0.5452188596464546,163.877487584792,1
1771697090.40996,-0.591248470635188,58.23969177171662,1
1771697090.546324,-0.4800261784874176,254.9711008020067,1
1771697090.5956428,-0.5652014879028199,82.7343981932907,1
1771697090.639296,-0.516106594981825,171.47569935994204,1
1771697090.709645,-0.4826457496713252,195.29793758363473,1
1771697090.75658,-0.4814754501889829,203.29346087250656,1
1771697090.8034189,-0.47310280728152687,217.03661139242936,1
1771697090.851733,-0.4487267159598632,219.27392941512775,1
1771697090.890628,-0.4399574501537436,227.06948356916348,1
1771697090.9389088,-0.47228483662685206,237.04312433869043,1
1771697091.006016,-0.4870192174855954,236.5399692008792,1
1771697091.049336,-0.3998635217697441,233.52299998464744,1
1771697091.098874,-0.4636542214965359,524.0911158356841,1
1771697091.146983,-0.48039330399235924,196.30028569398098,1
1771697091.190169,-0.509463765921426,482.9116925563862,1
1771697091.257618,-0.4608566573070128,226.38309915913587,1
1771697091.307363,-0.4679779346904523,235.90225962008643,1
1771697091.351379,-0.45517539668511287,235.488722301411,1
1771697091.394357,-0.4481835311048056,227.51558743278812,1
1771697091.444245,-0.46604259798043357,219.87102043188426,1
1771697091.488857,-0.46684675411202264,210.39228718251388,1
1771697091.560626,-0.515886442504267,200.78651154679778,1
1771697091.608333,-0.4432152734839548,203.22033139448158,1
1771697091.699608,-0.49755472339121926,179.21195493090832,1
1771697091.7429829,-0.49827846505636497,177.2438157931024,1
1771697091.7860138,-0.4964521006985079,186.31326054013948,1
1771697091.854609,-0.5004025573377162,192.47504078115847,1
1771697091.9036858,-0.5277790764360066,197.15018145285532,1
1771697091.947826,-0.4928849675801183,218.22099863794438,1
1771697091.991636,-0.49835170419503616,217.11180609904136,1
1771697092.0418491,-0.5029610717771448,214.50867231036761,1
1771697092.109448,-0.49882852623067453,218.5233558685242,1
1771697092.1528242,-0.46077638721521613,239.87236079725247,1
1771697092.201622,-0.47497337396787537,241.15524221200383,1
1771697092.245078,-0.4707508615273397,424.78745150126935,1
1771697092.294852,-0.4791900705094378,232.591170332595,1
1771697092.338391,-0.466447175528861,231.4613735696274,1
1771697092.4097679,-0.45513258626351755,228.00562419049916,1
1771697092.4570398,-0.4772683459048931,248.86256233538117,1
1771697092.510369,-0.46035496016824334,238.46380164188417,1
1771697092.556714,-0.3982598281076183,245.1727045468988,1
1771697092.592452,-0.446677111318139,348.12354697865635,1
1771697092.659916,-0.48101771199063764,186.25287232595994,1
1771697092.7094452,-0.4828678013470667,194.66669899277895,1
1771697092.752574,-0.5173413955737078,203.6022613671718,1
1771697092.796674,-0.5082516085548165,197.79075625299052,1
1771697092.840747,-0.4935984374401492,190.3963887947367,1
1771697092.890818,-0.5141996391423733,173.83795346173767,1
1771697092.9593952,-0.4793501636361183,167.51310663609036,1
1771697093.003001,-0.5131535685896312,170.45978243961915,1
1771697093.046747,-0.4698628221562777,169.03840393002915,1
1771697093.096245,-0.4686005678171552,183.67356041298785,1
1771697093.1398249,-0.5028221513863764,330.69305747123263,1
1771697093.189547,-0.4940376656133035,196.72100375269983,1
1771697093.2584782,-0.4506134082435164,192.83008555934816,1
1771697093.302023,-0.4776664722756591,199.17074577857338,1
1771697093.3456068,-0.5099612909872252,209.0423102514151,1
1771697093.397704,-0.5107040936605004,343.80936887910593,1
1771697093.446487,-0.4826647641405501,516.3830311232872,1
1771697093.509401,-0.49668724735172987,51.30043503899949,1
1771697093.558363,-0.5088119648680449,215.40691250240152,1
1771697093.602307,-0.46010223998886635,217.69405582298657,1
1771697093.6454358,-0.4626855365334771,215.55958348311648,1
1771697093.6959748,-0.4831911921741395,214.89047999690683,1
1771697093.74042,-0.4898071875067817,213.57731331060745,1
1771697093.807318,-0.502948254573978,208.5390585937843,1
1771697093.851808,-0.49377875656746667,219.50869304800563,1
1771697093.8998752,-0.47903308886859114,221.1930377447205,1
1771697093.944164,-0.49856467988644687,431.82444912545105,1
1771697093.9913118,-0.5155698212551053,208.9157557232235,1
1771697094.0348449,-0.5319281028388202,176.75531129366084,1
1771697094.108188,-0.515577259573233,183.5797848189167,1
1771697094.1525939,-0.5113939184454362,187.11218239680247,1
1771697094.198358,-0.41880748180085453,188.30291805398986,1
1771697094.2456179,-0.5830030926102658,185.34306819281628,1
1771697094.293728,-0.5534924969490838,305.22880589683876,1
1771697094.406244,-0.5001442567586033,419.17198778357914,1
1771697094.448305,-0.5069455587186854,406.46841836880066,1
1771697094.497256,-0.5099612909872252,212.52955146842885,1
1771697094.540478,-0.48105160563609195,210.81310101164306,1
1771697094.590464,-0.4452213968710111,211.6256558756393,1
1771697095.257591,-0.44916445517085135,186.7598635688456,1
1771697095.3018,-0.5062924703096494,181.05168172852783,1
1771697095.344588,-0.4977145785995285,186.82054919004426,1
1771697095.393931,-0.4766396349451841,192.34693766243097,1
1771697095.436776,-0.4845532297577983,196.37694193786103,1
1771697095.503905,-0.5222972753892564,194.04237204670176,1
1771697095.552556,-0.5215386467783479,194.190814543355,1
1771697095.600991,-0.5337190143750077,190.28680135175077,1
1771697095.645003,-0.5155318770162104,184.6218602258497,1
1771697095.688721,-0.4969925968442878,200.64251915155674,1
1771697095.7386281,-0.5003778339555214,405.14808364012947,1
1771697095.8076081,-0.5245698594912881,404.3261013706098,1
1771697095.85094,-0.5224865571809143,199.27310130331912,1
1771697095.8953018,-0.5283655267970206,190.29234376567942,1
1771697095.947775,-0.4990446438353286,185.75907434014925,1
1771697096.06476,-0.4982119060164661,599.5956058840852,1
1771697096.102852,-0.47822923835513764,184.8422631507766,1
1771697096.146415,-0.5385929875646295,183.1350152487139,1
1771697096.19553,-0.4898216240064315,184.50398921013164,1
1771697096.357972,-0.5444636553524326,173.78036037541494,1
1771697096.40131,-0.5372238431976168,162.85271548669206,1
1771697096.444988,-0.5556142670351452,157.78770027826297,1
1771697096.4940958,-0.5543763537765936,152.18533297185363,1
1771697096.537767,-0.5005502170765294,149.6089075210904,1
1771697096.587008,-0.5289926111791237,156.51609010473646,1
1771697096.6547709,-0.45587240598031065,157.8051330450594,1
1771697101.843807,-0.4328390790087524,328.3959486776421,1
1771697101.88743,-0.45351073958249016,347.06039460232915,1
1771697101.9380102,-0.4251628221859551,343.4887727373172,1
1771697102.000658,-0.4448068541085511,309.48723194140473,1
1771697102.050721,-0.4205858907094759,274.3740014099531,1
1771697102.0944839,-0.45756906682272364,261.02792408520116,1
1771697102.138509,-0.4759215557255048,258.67595513447424,1
1771697102.553492,-0.5794073255806631,98.1445991066383,1
1771697102.603147,-0.53012899023473,292.45205890352463,1
1771697103.796813,-0.48994551613621445,401.4127788077203,1
1771697103.840298,-0.4780450333402222,459.1245450447138,1
1771697103.88462,-0.47600427879959095,436.310697951525,1
1771697103.936626,-0.4827289755722705,381.809762820299,1
1771697104.003544,-0.481484506174366,327.2821637782534,1
1771697104.049342,-0.44429566996141495,234.87573761246517,1
1771697104.095482,-0.54879342265095,631.2199562165263,1
1771697104.139318,-0.45916658748354117,184.53288455304337,1
1771697104.1830668,-0.4892004736258532,175.17396067857058,1
1771697104.25145,-0.5264723288660983,169.02008866540334,1
1771697104.300359,-0.43295341610008775,160.05051549524595,1
1771697104.343049,-0.43420860604269323,161.17748096942844,1
1771697104.3932118,-0.5060326314929868,163.75595318988061,1
1771697104.435613,-0.5536601432980879,161.28427217480717,1
1771697104.484549,-0.5453994369145784,159.21080182683363,1
1771697104.551499,-0.5285970856465967,161.75596888129812,1
1771697104.595074,-0.5188033652261187,161.71701117895702,1
1771697106.643563,-0.5013972648943397,297.2581801092226,1
1771697106.6862562,-0.5421045181598386,95.8268518390643,1
1771697106.734943,-0.49906119874690047,306.1715337863161,1
1771697107.878567,-0.5573310621343314,163.29770114977362,1
1771697107.947436,-0.4958325704093943,299.17603008371105,1
1771697111.093718,-0.587396320380366,98.25481777154421,1
1771697111.138597,-0.5869990304840822,97.97588468464467,1
1771697115.133388,-0.5079319184589389,50.02553294907324,1
1771697115.183381,-0.5416413819127838,50.0,1
1771697115.224635,-0.5929102663120998,50.0,1
1771697115.299121,-0.5964377460826796,50.0,1
1771697115.341627,-0.591248470635188,51.19536451354233,1
1771697118.103151,-0.49514262257088565,211.93377615148427,1
1771697118.1462898,-0.4868450572577577,202.57503377125042,1
1771697118.1897678,-0.5329491279458866,181.74182786113997,1
1771697118.233309,-0.5489119462831002,174.2389111281503,1
1771697118.283252,-0.5274134326057394,173.68008315999307,1
1771697118.325535,-0.5078308367807925,175.16824034121498,1
1771697118.394046,-0.5191153004852137,179.3603192209753,1
1771697118.443854,-0.5349632896776928,184.5264570946714,1
1771697118.486516,-0.5016281610944481,189.5425930267022,1
1771697118.535748,-0.4798292400853401,189.04442789596268,1
1771697118.6228008,-0.39046156851682634,196.8117342575819,1
1771697118.698735,-0.49185438226712996,179.43600963358713,1
1771697118.744587,-0.4922513066307777,380.5346598816286,1
1771697118.7907379,-0.5293989918765178,374.6430135807579,1
1771697118.838567,-0.4635452928059043,376.5897103293419,1
1771697118.8800828,-0.4620697204923708,213.81316290132847,1
1771697118.9487329,-0.4870221682435097,212.2263125557372,1
1771697118.9919622,-0.4878960455978113,217.55912477847434,1
1771697119.0407522,-0.5311642184740696,221.0848389890967,1
1771697119.084082,-0.5078909609547975,231.88641932489085,1
1771697119.1278489,-0.5148794596594146,274.2705305162282,1
1771697119.177682,-0.4895023465524114,193.60343163560688,1
1771697119.2445161,-0.4892443896555732,190.84697405403153,1
1771697119.294139,-0.48175783317097987,185.8625546049021,1
1771697119.3368871,-0.47166618476149763,185.93664768778854,1
1771697119.380192,-0.4842434160199618,203.61825162584236,1
1771697119.42927,-0.48442240457278735,211.82646063217612,1
1771697119.473192,-0.3979822336722562,211.9238289710654,1
1771697119.544106,-0.4597069834977007,195.53173851074826,1
1771697119.594662,-0.48359858534385275,178.73406102103118,1
1771697119.6430159,-0.4531723597901293,174.4024245633399,1
1771697119.685333,-0.44008325439960244,174.740338812533,1
1771697119.7292778,-0.5850440593043683,980.4106196724359,1
1771697119.7967901,-0.39574445029290745,396.1123032944193,1
1771697119.8406668,-0.5171525644960278,198.56583501475032,1
1771697119.890615,-0.47769230632171855,197.18098513974314,1
1771697119.978316,-0.688695202449199,1943.616552805125,-1
1771697120.028285,-0.44995132492318246,244.88643127429836,1
1771697120.0970922,-0.42762538041088927,229.14051353953923,1
1771697120.1394932,-0.4831834558071159,211.6115646511994,1
1771697120.189418,-0.5172269426797368,204.43880713029236,1
1771697120.232636,-0.5167295977433725,337.91287786917695,1
1771697120.275619,-0.468443998696232,467.5798735202622,1
1771697120.325572,-0.48131903521106245,211.92456668798422,1
1771697120.3949819,-0.46161313337933363,461.9598369501905,1
1771697120.4427872,-0.5425998988201899,643.6772806340405,1
1771697120.49296,-0.49497330934393674,174.0339843406051,1
1771697120.5321238,-0.5466415407563209,164.1974334192706,1
1771697120.577777,-0.5269139565643849,171.16567525274823,1
1771697120.6458628,-0.49891551005375884,179.68349303286962,1
1771697120.689544,-0.5080387433410013,186.94590877966118,1
1771697120.739516,-0.5356717377027562,184.58455363304589,1
1771697120.78321,-0.5186049520752378,187.43712692460144,1
1771697120.8265479,-0.4900241523238713,185.17302932754174,1
1771697120.876556,-0.48287841921407576,183.55302948239736,1
1771697120.9452002,-0.49240592113807624,402.0433320937538,1
1771697120.988831,-0.46998274935097045,388.36341289192427,1
1771697121.038628,-0.4977685281102541,339.3112947871468,1
1771697121.08192,-0.5303420664489374,583.7963646554214,1
1771697121.125912,-0.5196483365511728,161.8138928304191,1
1771697121.175282,-0.5072793281816464,163.37258337266076,1
1771697121.248498,-0.5053916838990751,161.06985576621668,1
1771697121.289715,-0.4526118281741451,336.6346937869666,1
1771697121.3366458,-0.5086758820608223,186.49359906800237,1
1771697121.380836,-0.5360014435905422,182.75851118549699,1
1771697121.4247942,-0.5059814691948173,187.5686949525231,1
1771697121.498019,-0.5253855730558915,185.1577222402126,1
1771697121.541041,-0.49533427049596196,180.87253223617532,1
1771697121.5851068,-0.5046420312446007,179.4165614830647,1
1771697121.634316,-0.4949889011613452,177.7856112371081,1
1771697121.6784031,-0.5180177691484985,412.8322182275478,1
1771697121.728381,-0.4784862938730949,216.76817367858973,1
1771697121.7956889,-0.48149468302077364,209.8069606529589,1
1771697121.839201,-0.490646928167985,188.47405713417356,1
1771697121.8863082,-0.5107119734992083,173.16675937508649,1
1771697121.930167,-0.5084469001614642,169.87709530344543,1
1771697121.980412,-0.513188747940236,167.55952515306078,1
1771697122.05021,-0.5169336645861322,169.26733819813276,1
1771697122.0939121,-0.5103547406934541,168.85234658322952,1
1771697122.138696,-0.5067765088607732,166.05995704723225,1
1771697122.1842759,-0.413001426231802,162.667631785895,1
1771697122.227903,-0.5756200991602526,165.76116535483354,1
1771697122.279417,-0.4156780748151375,155.11625657337655,1
1771697122.346029,-0.5339641693426158,143.9645357358512,1
1771697122.3942652,-0.4418744979222947,118.37072046556266,1
1771697122.480431,-0.48237241293780186,112.76371259053148,1
1771697122.530383,-0.5449925058809177,73.94044922796081,1
1771697122.57425,-0.5839233818738601,70.13968575713828,1
1771697122.641812,-0.5390250452418186,138.175785494445,1
1771697122.690202,-0.5800603191447771,71.27867415600751,1
1771697122.734103,-0.5559345146410068,151.65019240184748,1
1771697124.984923,-0.4841462210928624,202.72124961422253,1
1771697125.028533,-0.5321459316352853,665.9778033915111,1
1771697125.074538,-0.38440943083741086,273.4417284016455,1
1771697125.123855,-0.4304198192841694,273.0448849455308,1
1771697125.192729,-0.46989787606865685,210.73972434237376,1
1771697125.239879,-0.4550906315228781,194.903727324335,1
1771697125.28339,-0.4415225889825082,198.98320546006997,1
1771697125.328563,-0.4517331827866078,213.17266572518943,1
1771697126.3078668,-0.5087554520521653,192.5468403323242,1
1771697126.4324,-0.497013157395806,231.12792180874263,1
1771697126.4761322,-0.5043611846566337,217.52196496345059,1
1771697126.526099,-0.5023491225031183,197.90289842431866,1
1771697126.593994,-0.48616657981918265,164.05133205478853,1
1771697126.637606,-0.4360201597716558,322.27708926858395,1
1771697130.53867,-0.5521083569909727,163.86430255854,1
1771697131.388373,-0.5308049615806478,230.17828087255089,1
1771697131.6176,-0.5696800917218119,127.3760904988532,1
1771697131.686899,-0.5844915903251728,98.8688222641651,1
1771697131.7368672,-0.5844915903251728,98.84371870319626,1
1771697134.5378702,-0.4890857966130799,199.95435020167392,1
1771697134.581888,-0.4753413189273986,220.71372610108347,1
1771697134.624379,-0.45656663627634014,228.06766741325123,1
1771697134.674071,-0.4050417522081339,223.31510247961265,1
1771697134.717918,-0.4251488031093574,216.6821691099125,1
1771697134.7852821,-0.46664544625716453,212.15992909428988,1
1771697134.8352609,-0.4588128378343912,442.6971134923804,1
1771697134.87888,-0.433908919826928,227.65490119604956,1
1771697134.9284852,-0.44971085628715424,225.89990511975657,1
1771697134.97209,-0.4064457389815575,185.5058949268467,1
1771697135.0149279,-0.40235984159992677,177.35034570184658,1
1771697135.08892,-0.4109008170417135,204.98585842807395,1
1771697135.1339,-0.4792901259688599,202.33731975136354,1
1771697135.178834,-0.48572449205225404,216.62338983308587,1
1771697135.225392,-0.4626855365334771,214.75122727622434,1
1771697135.2732449,-0.5522991268974489,636.5967609512919,1
1771697135.3422048,-0.4797572226042146,211.4303386904803,1
1771697135.384696,-0.44915246743807313,206.24143661400453,1
1771697135.427686,-0.48149468302077364,209.57786756766507,1
1771697135.477237,-0.4574579415361064,202.34073914728148,1
1771697135.520024,-0.43956360626412144,201.8979515716403,1
1771697135.5689259,-0.42566997994365213,198.6027987819638,1
1771697135.63708,-0.5248843159695336,200.81357094602467,1
1771697135.6867409,-0.5030348862178605,203.24169478471947,1
1771697135.7304409,-0.48735672098108324,210.45281902326496,1
1771697135.773977,-0.5023598134350522,209.60355780964946,1
1771697135.823749,-0.49750451262889434,206.37594701675326,1
1771697135.8673081,-0.4612299237820028,210.3064601870733,1
1771697135.9832928,-0.49316568183099374,390.47488832376513,1
1771697136.0314329,-0.49728675663345084,195.36742279057785,1
1771697136.076941,-0.4891712679777847,194.23521190930876,1
1771697136.122445,-0.5096001471983356,189.372458113824,1
1771697136.190593,-0.5280291572914072,184.25120679054848,1
1771697136.234381,-0.5237101204466051,178.32224049908663,1
1771697136.2780778,-0.5305727826535493,178.76044535387817,1
1771697136.327473,-0.5145935750437955,175.935717669723,1
1771697136.3700879,-0.509739994549655,175.13314429578364,1
1771697136.420091,-0.4942539707704443,176.55821876102084,1
1771697136.488928,-0.49016650266144957,170.60804390235924,1
1771697136.532692,-0.46574143632177073,176.74383244807117,1
1771697136.576279,-0.5200022905542327,165.03912297824434,1
1771697136.626036,-0.5268750408308532,162.81154045813992,1
1771697136.667895,-0.545637228297949,163.60866797323038,1
1771697136.73777,-0.5502659243297563,163.15083373085943,1
1771697136.790039,-0.5518345782332736,157.96817717677985,1
1771697136.8370829,-0.5078962790233245,157.83348721412952,1
1771697136.8785532,-0.6328667405831114,1803.6106065833974,-1
1771697136.929586,-0.40031943595134706,164.89661732448417,1
1771697136.967541,-0.42286417460035,151.21602088773082,1
1771697137.036244,-0.5265957782869443,77.15428577951182,1
1771697137.086092,-0.47717744909032284,425.13061923955524,1
1771697137.128525,-0.556669823912458,72.58071820697671,1
1771697137.178377,-0.5103821300404153,434.7461239317582,1
1771697137.221048,-0.4792432135848793,132.52603870344728,1
1771697137.2698271,-0.5158654633680938,150.17224895632216,1
1771697137.3818922,-0.5273170090433421,340.36548709832203,1
1771697137.4255931,-0.5815506805899422,77.67714124576297,1
1771697137.475379,-0.54671825024006,153.0886616880629,1
1771697137.519389,-0.5860650320226931,75.54913420676472,1
1771697137.589494,-0.5877357391472842,72.00431116789157,1
1771697137.6364422,-0.5595146472063216,136.99255865674522,1
1771697141.082109,-0.5491768900888226,107.79024970400344,1
1771697143.7215831,-0.5201805541017055,143.42745483190936,1
1771697143.765375,-0.5843995178606105,79.03263844651333,1
1771697143.92699,-0.5232678055265028,179.140628362704,1
1771697143.970677,-0.5296710999359205,162.5002602187184,1
1771697144.014627,-0.5593797742137651,80.2520912763001,1
1771697144.088825,-0.531544453738056,563.4279400026168,1
1771697144.134024,-0.5307813895406827,125.42393889556354,1
1771697144.179063,-0.539192076928407,149.1446564925965,1
1771697145.717408,-0.587396320380366,98.40154119550118,1
1771697147.6744802,-0.5410121332678883,175.18726014934558,1
1771697147.7176461,-0.5497509755682104,163.98835846302808,1
1771697147.7805939,-0.5516575210031507,160.52795598390435,1
1771697148.722641,-0.5198146367754133,104.83858932016824,1
1771697150.765306,-0.5883257816619364,50.0,1
1771697150.815994,-0.557654624657501,50.0,1
1771697151.27684,-0.6434359520469942,720.31139234521,-1
1771697151.320771,-0.4382933024550133,128.78201945005068,1
1771697151.3623621,-0.45948885110314075,122.99220069498368,1
1771697151.479983,-0.4983006235920606,103.2066754848179,1
1771697151.5237398,-0.4735537858469246,113.71963822607877,1
1771697151.618471,-0.5537685013574611,75.04866806245177,1
1771697151.6623309,-0.4731556266748902,126.86227783815657,1
1771697151.733176,-0.47205218068474614,126.47306491241181,1
1771697151.780354,-0.479693725374977,118.28282112465139,1
1771697151.827531,-0.5340175589102278,100.118517107681,1
1771697151.8746932,-0.5231356031433895,129.83140231766845,1
1771697151.918453,-0.49011799772863845,103.71936507981127,1
1771697152.030943,-0.4932526960976855,107.63483718522855,1
1771697152.13846,-0.4928108407755772,103.57562586417357,1
1771697152.169825,-0.6019162286094124,58.70003490670657,1
1771697152.282829,-0.49228628347821535,79.28017753335719,1
1771697152.376935,-0.4758120208104829,99.75874321967802,1
1771697154.57855,-0.6795013352452196,521.1832292078266,-1
1771697154.6220238,-0.6850529964092447,478.23626953179536,-1
1771697155.779288,-0.5966937608267303,377.1612986296334,1
1771697158.840805,-0.6265355400179013,1570.4271780593906,1
1771697159.076437,-0.5815938820005567,530.5722214813214,1
1771697160.7097971,-0.5620571355366547,550.9283283480014,1
1771697161.121033,-0.6877446516803877,964.8876465152343,-1
1771697161.165665,-0.6781372014189232,902.847758344528,-1
1771697165.206579,-0.4706134578036619,115.31547724986217,1
1771697165.25666,-0.5099974860369108,50.80049062151982,1
1771697166.611954,-0.5735289295903943,100.27966966876274,1
1771697166.655793,-0.6659509354722618,538.512001866891,-1
1771697166.7233868,-0.6705926099918594,745.2717563330358,-1
1771697166.9737039,-0.5150055324626466,105.4030462410609,1
1771697167.066331,-0.558664926818198,50.0,1
1771697167.379646,-0.45967103183711405,110.2940246413653,1
1771697168.768691,-0.582175071701157,55.55035619928217,1
1771697169.618614,-0.5464042194388797,86.69510545907822,1
1771697169.659935,-0.49485037043876334,57.975966613228216,1
1771697169.708307,-0.5580286742531758,53.77700683398109,1
1771697169.7522728,-0.5047732799599054,57.117620803845504,1
1771697172.003364,-0.5100912376230371,75.76321011494751,1
1771697173.4029691,-0.4417321655014115,134.539425178525,1
1771697174.6678941,-0.6684662098508074,1291.027974672643,-1
1771697174.7149272,-0.6420521410858681,1238.4503777490838,-1
1771697174.810644,-0.675912706297565,1157.289921867732,-1
1771697174.854049,-0.6664045098650447,457.3131369725622,-1
1771697175.309501,-0.6877348838419716,1123.0942616109344,-1
1771697175.353051,-0.6567481702341786,1167.8929465481629,-1
1771697176.5525188,-0.6600135785465686,508.76442767485315,-1
1771697176.621236,-0.6727190819252222,1166.332806074688,-1
1771697176.755845,-0.6372071357352423,1318.8059474788736,-1
1771697176.9154508,-0.7321236023067731,2004.5454545454547,-1
1771697177.603302,-0.6130009518325008,1424.8453980733573,1
1771697178.569603,-0.6751224252678368,712.1649456892595,-1
1771697178.661951,-0.6797739888558746,441.4507151750652,-1
1771697179.1670542,-0.5126871333151749,104.06925785528615,1
1771697180.31652,-0.5161413660734817,108.11394574239478,1
1771697180.36082,-0.5038061136086587,92.95318675828503,1
1771697180.7495072,-0.5086301991972428,53.98136665020405,1
1771697180.81812,-0.5305615728224488,100.22395334281991,1
1771697180.868118,-0.5165113200295643,72.85899974067489,1
1771697180.911526,-0.44736406389042566,118.10922665142625,1
1771697180.960483,-0.4457369649186493,120.40601058933441,1
1771697181.667663,-0.5048890273812497,74.26301969939908,1
1771697181.761686,-0.47241332609865544,86.70490823140473,1
1771697181.805143,-0.48861668049864854,81.37624455607906,1
1771697181.89629,-0.4670569786121099,92.34959511212593,1
1771697181.970606,-0.4817281173455873,63.43460092840103,1
1771697182.014584,-0.43331086613085706,151.131936470157,1
1771697182.06153,-0.4234277262761209,150.97354104574163,1
1771697182.109764,-0.5847277144953719,59.734716595725445,1
1771697182.164216,-0.6245336803119085,84.81012351165023,1
1771697182.194698,-0.6563586742235328,387.23701101039677,-1
1771697182.269258,-0.6634404160103473,531.3018279616823,-1
1771697182.311685,-0.6253136530482415,202.0273895749873,1
1771697182.359966,-0.6396808701462419,76.0127497136444,-1
1771697182.401868,-0.6216619994921487,316.84021137915414,1
1771697182.451612,-0.6634404160103473,530.093692424426,-1
1771697182.5201411,-0.6185972610570246,299.5132844717879,1
1771697182.562956,-0.6284527752026875,360.8294677437829,1
1771697182.6121202,-0.6221205653403851,71.81793328179313,1
1771697182.655204,-0.6124694616357133,507.8122649132083,1
1771697182.7048802,-0.6176130523555359,414.89069026899216,1
1771697182.748013,-0.618619602685225,518.3382405685155,1
1771697182.865721,-0.5767211436673897,95.95594025488059,1
1771697182.914477,-0.6357573530228765,451.76094991011377,-1
1771697182.963773,-0.6281684869058676,841.0942081292704,1
1771697183.0019681,-0.6031452045401321,77.18632714445745,1
1771697183.1182468,-0.573803399325548,76.36261722293573,1
1771697183.160613,-0.48567728735560767,92.58689747267117,1
1771697183.2089229,-0.5061684243071773,56.7854218055732,1
1771697183.250347,-0.5112415485613933,50.140208869749756,1
1771697183.300108,-0.5111422676885097,51.277163182390325,1
1771697183.36875,-0.6626732198457289,654.8254240873661,-1
1771697183.412323,-0.5402204404016893,52.9658008312988,1
1771697183.461258,-0.5097022408970455,50.3449702074563,1
1771697183.674505,-0.49537028313118064,96.73002433354664,1
1771697183.898834,-0.4959027163476588,793.7940848409153,1
1771697183.965513,-0.5917887872891641,85.75530504738406,1
1771697184.013016,-0.481734207388149,87.24581612135871,1
1771697184.05451,-0.4928088166269447,86.4465705596217,1
1771697184.2639701,-0.5579005352979631,50.33880987189292,1
1771697184.307598,-0.48807819181635725,103.86032507618786,1
1771697184.3574772,-0.6070395205784218,509.06972957855686,1
1771697184.400991,-0.5504073938742166,85.28426208024966,1
1771697186.7055821,-0.587396320380366,96.60251708475607,1
1771697187.6683688,-0.5710677614036832,95.77170887547548,1
1771697187.711033,-0.5835273736029035,96.1272396426463,1
1771697188.947624,-0.6160725432436528,551.6206212479484,1
1771697189.014428,-0.6211895543912165,255.6858900762096,1
1771697189.0644531,-0.6413870612330608,407.3019755244267,-1
1771697189.106987,-0.6258412337844981,340.35836783045505,1
1771697190.395637,-0.5186275848859373,621.3210674541946,1
1771697202.450916,-0.5843175213563911,96.30534845194576,1
1771697202.539531,-0.5827382943326456,96.44249523017085,1
1771697211.7931688,-0.5776742815041394,96.30851776875295,1
1771697211.866581,-0.587396320380366,97.6493638579896,1
1771697213.604704,-0.5668983094124818,56.97540950060557,1
1771697213.647899,-0.5614590100474969,96.25170460407979,1
1771697214.456196,-0.6759218491138704,2004.5454545454547,-1
1771697214.499815,-0.5438301987919726,125.18883126950668,1
1771697214.6376069,-0.5945869854972827,117.16859390057289,1
1771697214.681546,-0.577012022437671,104.89850253009013,1
1771697214.797473,-0.530712329756809,109.40367556580232,1
1771697215.145526,-0.5824118472313785,108.65534755792835,1
1771697215.3069491,-0.574072001734818,114.94430644137692,1
1771697217.5538812,-0.5590430397609911,60.99492337253792,1
1771697217.59812,-0.5802490544438862,99.21000042590788,1
1771697217.691165,-0.5831327004977207,89.73982500139034,1
1771697217.7345679,-0.49555213493609485,116.797073533486,1
1771697217.7839098,-0.55387692748625,97.97570298869125,1
1771697217.851317,-0.5141060559052858,134.18289805246437,1
1771697217.945143,-0.5820179286208036,104.34837337015085,1
1771697218.03752,-0.5877938791685109,88.54806789855256,1
1771697219.1382241,-0.5340311458304762,123.11202588794602,1
1771697219.895068,-0.591248470635188,50.0,1
1771697219.939005,-0.5835720733236276,100.42967077569058,1
1771697220.493728,-0.4952946272032796,98.94299489010463,1
1771697224.948046,-0.587396320380366,98.16430794403271,1
1771697224.997689,-0.5843175213563911,96.896652752754,1
1771697225.890177,-0.5133987112306573,54.54535369670373,1
1771697226.6435788,-0.5877938791685109,96.46641334115897,1
1771697226.692737,-0.587396320380366,97.25803318273317,1
1771697227.583683,-0.587396320380366,95.98947220351947,1
1771697230.98652,-0.587396320380366,96.59837240018486,1
1771697233.1905339,-0.5964377460826796,58.35904730757221,1
1771697235.09283,-0.49172443629290075,106.82284653626476,1
1771697235.391145,-0.6559627950355765,1162.9843533869882,-1
1771697235.434886,-0.646818222495325,296.70206344008255,-1
1771697235.485196,-0.6340291688523817,85.0861758346593,-1
1771697237.486356,-0.5798565986543954,99.58410261274183,1
1771697238.630856,-0.5843175213563911,96.56997570664255,1
1771697239.432778,-0.44187903268992074,112.03998004473776,1
1771697239.734742,-0.7166686525336625,1841.8041844848037,-1
1771697239.77917,-0.6566088954503326,391.54030518081294,-1
1771697239.823662,-0.6537728394456753,62.5095988685056,-1
1771697242.878251,-0.5672819948341838,61.14783341226743,1
1771697248.283961,-0.537467858704796,87.27319804723017,1
1771697248.2988071,-0.5163504834473962,90.51323306433774,1
1771697250.852927,-0.48350156746172696,100.12169902609746,1
1771697250.861521,-0.5419478648027504,50.48554251556052,1
1771697251.148608,-0.5071319573141572,63.86043959870677,1
1771697251.382849,-0.5556483497361877,56.760882593006556,1
1771697252.379928,-0.5399565872590295,54.30475963875804,1
1771697253.3955069,-0.41159619737581793,225.87973980177117,1
1771697253.438281,-0.5211271721106328,224.32801183254676,1
1771697253.485236,-0.5254751808034791,231.96821993104388,1
1771697253.5350258,-0.5215322212303445,245.75964317612411,1
1771697253.6026938,-0.5035330659269353,251.4649024764201,1
1771697253.645619,-0.5251172374024805,263.04285104289966,1
1771697253.69583,-0.5273062147612148,262.11383855046614,1
1771697253.7398689,-0.527663103649429,261.3867333800811,1
1771697253.784224,-0.5269495672574702,262.9323553885865,1
1771697253.833399,-0.514355869579844,263.7551344846369,1
1771697253.900169,-0.4796799301563177,265.67277131303496,1
1771697253.946112,-0.4582473041132692,268.97055287405004,1
1771697253.992977,-0.4366200761322769,268.57451526971926,1
1771697254.0409222,-0.4385465945244482,262.1874251786144,1
1771697254.086567,-0.49079767500716287,250.25938107675486,1
1771697254.155592,-0.4984472214546784,231.21975379790328,1
1771697254.1997418,-0.5265957024288354,223.343394647623,1
1771697254.2465248,-0.525975434755281,219.9440307988106,1
1771697254.290349,-0.525975434755281,218.7135834703295,1
1771697254.334838,-0.526952110431467,222.89971304202257,1
1771697254.38379,-0.5308049615806478,226.43643053949708,1
1771697254.452471,-0.5308049615806478,222.5854695552706,1
1771697254.4961169,-0.5196206871592439,227.78202432594398,1
1771697254.545449,-0.4892821456607132,226.17546235037773,1
1771697254.6504152,-0.5196676942686828,225.81732584742142,1
1771697254.6564832,-0.5039049328661277,224.74252323986363,1
1771697254.6811829,-0.526186720745576,224.230955931602,1
1771697254.750441,-0.526952110431467,227.69802233808386,1
1771697254.796166,-0.5262395354854231,228.95985350325668,1
1771697254.841559,-0.5276656502671085,225.2970484975191,1
1771697254.890877,-0.526952110431467,226.94039932960513,1
1771697254.9345422,-0.5459702136922101,177.1920150027603,1
1771697256.335843,-0.44422929704442937,260.2122406357514,1
1771697256.379531,-0.4796518477121539,248.6045828533473,1
1771697256.449493,-0.48598643645951695,257.0616491391784,1
1771697256.493624,-0.48490353410230996,265.2109788164796,1
1771697256.541638,-0.47429662839459,270.09301044406294,1
1771697256.585577,-0.4781534256903525,267.891586184464,1
1771697256.635713,-0.4845755659688929,265.5372650529819,1
1771697256.703418,-0.48309083688858656,265.24698661108073,1
1771697256.746774,-0.5117324956634037,262.65332403738245,1
1771697256.79075,-0.48778843508044245,265.91861631304306,1
1771697256.840582,-0.48721849423466185,266.9843066026352,1
1771697256.884471,-0.48433696402710363,266.30321359998584,1
1771697256.928213,-0.4845755659688929,265.18784960585776,1
1771697257.0051441,-0.48712881950831083,263.62142954310434,1
1771697257.048156,-0.5305521390816843,257.35151202251444,1
1771697257.091646,-0.5326036791994397,237.78545125634662,1
1771697257.1352289,-0.525975434755281,219.83057234124547,1
1771697257.184024,-0.5129680323479198,223.71341223768331,1
1771697257.252098,-0.5262395354854231,231.48825683598866,1
1771697257.296787,-0.5308049615806478,229.37270871881637,1
1771697257.349546,-0.5308049615806478,228.51449013986016,1
1771697257.390306,-0.5276656502671085,228.13080207177896,1
1771697257.4375281,-0.5039049328661277,229.14536810696583,1
1771697257.483225,-0.5039049328661277,228.55407805109607,1
1771697257.5521111,-0.5256482455573283,230.0347956719528,1
1771697257.595726,-0.5304459476733139,227.09554868146517,1
1771697257.6398132,-0.5308049615806478,225.4446666701127,1
1771697257.690173,-0.526952110431467,225.32440946786383,1
1771697257.750978,-0.5235856482642512,226.18138413357758,1
1771697257.781295,-0.5276656502671085,225.4403411717294,1
1771697257.849671,-0.5308049615806478,224.63368673522533,1
1771697257.892329,-0.5276656502671085,226.69665806301632,1
1771697257.9422069,-0.520019413289731,227.15780270453536,1
1771697257.985522,-0.520019413289731,224.1922506649867,1
1771697258.034385,-0.5276656502671085,222.33832919228743,1
1771697258.102755,-0.5543991545954772,170.15598624051438,1
1771697259.557496,-0.6098727565653279,1168.3250329186396,1
1771697259.5944068,-0.5983187453024447,429.40263038134503,1
1771697259.9896882,-0.6192500142132286,897.8729852922323,1
1771697260.033987,-0.6311714502423321,888.4269018543265,-1
1771697260.445716,-0.6603569541944732,1220.359260005369,-1
1771697260.488273,-0.6155524652677142,885.3470921601396,1
1771697263.9313788,-0.5140124783201135,64.14811440292127,1
1771697273.041506,-0.4491210770864038,151.17071271798235,1
1771697273.0923169,-0.47722119442975935,156.976002374256,1
1771697273.13789,-0.46228536606307086,158.63225050534695,1
1771697273.18818,-0.4565100871151113,160.17972069375935,1
1771697273.2323468,-0.4918252520861873,164.00148281502788,1
1771697273.275127,-0.4651199705835802,163.72603624784404,1
1771697273.3241532,-0.5046303391786536,157.1114426169171,1
1771697273.3934,-0.5208725387077128,147.8738110031447,1
1771697273.437578,-0.5614106521926073,136.05410657803415,1
1771697273.481055,-0.5552725328173925,58.64683019581283,1
1771697273.5313332,-0.5013223501163522,151.5612052207199,1
1771697273.573789,-0.5315829132364474,143.94070655664143,1
1771697273.643115,-0.507529089628771,146.96748511321417,1
1771697273.6919029,-0.4698602606999501,151.9698712115512,1
1771697273.735827,-0.48783704741045575,153.16144671666294,1
1771697273.785027,-0.47868627379129114,151.53839584878577,1
1771697273.828522,-0.46209417965582666,148.01233786707624,1
1771697273.877697,-0.473976512110444,141.23210520368363,1
1771697273.945473,-0.5318183170735987,132.89791338813916,1
1771697273.987535,-0.5301560839833699,126.69834713290055,1
1771697274.035987,-0.5607982235333786,119.01740244136857,1
1771697274.095401,-0.6238526489967472,1500.07378681148,1
1771697274.1267169,-0.6088155527338748,1492.345383206075,1
1771697274.169601,-0.5316032423534619,511.14413678592297,1
1771697274.2389,-0.4488690046582319,146.31629962252444,1
1771697274.289391,-0.4932910819563174,146.49862600023104,1
1771697274.3644018,-0.48581357115205615,151.56029606090738,1
1771697274.3840818,-0.47625353283363353,151.50317866400601,1
1771697274.4267688,-0.4111585147568144,151.8499752514389,1
1771697274.495258,-0.4326902240256822,153.56953418131923,1
1771697274.539753,-0.5123666960429543,145.1148419052585,1
1771697274.5830662,-0.5559566050088678,137.64547434514725,1
1771697274.6320949,-0.5188280681674804,129.87538361045839,1
1771697274.680028,-0.5012224989910431,64.02367758193499,1
1771697274.72656,-0.5268690770908075,131.16892907429983,1
1771697274.794147,-0.45770726299130565,121.2402158907805,1
1771697274.841346,-0.6214673645052523,1518.0915586112512,1
1771697274.88563,-0.6034256699681563,1033.0211399309821,1
1771697274.930336,-0.6176188741428066,421.887527800446,1
1771697274.977658,-0.48857640481844605,158.28693692301223,1
1771697275.021169,-0.5148713146293459,141.89355617206232,1
1771697275.0887601,-0.5024334641491619,141.4533736557086,1
1771697275.138939,-0.48889284138525707,501.6423981028251,1
1771697275.1822631,-0.5124634536630301,119.0516739506895,1
1771697275.226034,-0.44971964365381595,110.15080649803888,1
1771697275.275243,-0.4551380387412781,79.71229603840912,1
1771697276.124927,-0.5264406755077636,125.5668192987851,1
1771697276.1922429,-0.48564235340922435,134.57733279559403,1
1771697276.235958,-0.47398334116486746,134.2557487421062,1
1771697276.3792472,-0.46786171694453965,512.2147573343732,1
1771697276.425316,-0.5216418627360473,166.06143324579045,1
1771697276.493092,-0.5413293275648963,174.55882375356433,1
1771697276.537344,-0.5434767799768168,174.82249451000976,1
1771697276.581378,-0.5540348689270654,164.49368974695764,1
1771697276.629653,-0.5114089539996166,171.9869174493542,1
1771697276.722859,-0.5381822150756933,585.3318683406947,1
1771697276.7925189,-0.5166084952061339,131.75538942284985,1
1771697276.886086,-0.52214030885669,138.37423125824515,1
1771697276.89252,-0.4764660073765261,136.35172686981056,1
1771697276.9298959,-0.5356642058826454,137.3153433200869,1
1771697276.973825,-0.6369864819684354,1382.0531416016481,-1
1771697277.042651,-0.5943434462031821,1290.639025448255,1
1771697277.0863879,-0.6046371015179623,1244.5780459201062,1
1771697277.136003,-0.4905621917618114,135.76145358837914,1
1771697277.179101,-0.4908606854449238,135.5965743842486,1
1771697277.224173,-0.5087805076274119,140.63126277771855,1
1771697277.2749171,-0.5314832283575099,132.81029049728593,1
1771697277.3425732,-0.5142619981020793,130.74215963003923,1
1771697277.388032,-0.5640731860559635,131.44787576752836,1
1771697277.4326599,-0.5491652834684224,125.38875560585133,1
1771697277.482045,-0.5438149546940526,124.85115111415253,1
1771697277.52543,-0.49519241067596576,119.38794251088932,1
1771697277.5722702,-0.5226335623480484,115.39831477294399,1
1771697277.6419442,-0.5011953180607336,102.58719830728766,1
1771697278.537977,-0.49889749678738105,288.56822814567795,1
1771697278.623837,-0.587396320380366,96.35888262173695,1
1771697279.4874182,-0.5877938791685109,95.9062019702291,1
1771697279.519422,-0.5718984349218287,96.23458382608344,1
1771697284.284587,-0.5679804039440389,120.80684018662582,1
1771697284.3225548,-0.5653373345625408,144.60613101180616,1
1771697284.390784,-0.5602722796011891,140.50139705867477,1
1771697284.4352992,-0.5303942329693396,146.75192895273983,1
1771697284.48207,-0.5322068891960522,150.3313283468029,1
1771697284.525367,-0.5559345146410068,153.57817427523912,1
1771697284.574677,-0.5544319979837689,157.945629243976,1
1771697284.617074,-0.4803549523780448,153.39781330710568,1
1771697284.688262,-0.483514234621041,606.1765249000687,1
1771697284.735765,-0.49610526024005813,605.5260285164703,1
1771697284.80111,-0.48356380723630277,140.87682794888727,1
1771697285.127912,-0.5877938791685109,95.8955258454796,1
1771697285.174371,-0.5877938791685109,96.3638765194654,1
1771697288.280905,-0.564640215260974,94.38603758291227,1
1771697289.049129,-0.37298790054001474,270.89474962887954,1
1771697289.2108328,-0.3720797948802659,278.21731209811213,1
1771697289.2195241,-0.3772158940425905,284.20951685256887,1
1771697289.2523289,-0.4633904819109315,274.76897326228664,1
1771697289.2962298,-0.4480567236738557,283.39452996427093,1
1771697289.5049,-0.42325409572744527,239.40099181262815,1
1771697289.555114,-0.3899066146936217,211.36553092476152,1
1771697289.669246,-0.46968407701957765,197.01618308561444,1
1771697289.7314198,-0.4377366634342389,196.94417020704637,1
1771697289.758259,-0.4273257178312508,171.4975510250722,1
1771697289.804096,-0.44513234991422124,156.3675676504777,1
1771697289.852324,-0.4479443744896175,144.12727184482654,1
1771697291.959169,-0.44055517983289016,284.06892465258255,1
1771697292.003438,-0.43143679057621465,326.1813207869775,1
1771697292.0565171,-0.41947408732917985,271.7735161897912,1
1771697292.0964942,-0.4766096353133817,243.0583463613792,1
1771697292.354753,-0.45514342424696247,611.1774614582583,1
1771697292.3932228,-0.5155767483177405,704.7732566449343,1
1771697292.441277,-0.47017241976071633,511.9892050898097,1
1771697296.6018791,-0.4046578912993837,222.93166469580254,1
1771697296.6399,-0.4723065658650978,231.19771203831814,1
1771697296.708996,-0.49950556919896105,114.08508342284551,1
1771697296.757956,-0.5035641129944852,225.65299292926656,1
1771697296.8006668,-0.40624751274876514,223.62802995754978,1
1771697297.115096,-0.5900280072519394,109.11812460223642,1
1771697297.7447171,-0.5074303520497563,50.0,1
1771697298.343061,-0.6401401946702766,1833.4287135725892,-1
1771697298.595548,-0.5411454559304726,94.81922765773686,1
1771697298.638175,-0.47728857043420875,65.73790897566091,1
1771697298.706561,-0.4309913803604293,132.03907725930392,1
1771697298.758443,-0.5380549312895608,753.1548323276057,1
1771697298.8045938,-0.5002843405138253,492.5430963886385,1
1771697298.851232,-0.5463077337156319,674.8478815084624,1
1771697298.890938,-0.5404162964626813,689.7374546185719,1
1771697299.1472309,-0.683427246448495,996.3092311520595,-1
1771697309.208682,-0.6337973087690861,441.17816720771674,-1
1771697322.595496,-0.48642195819952116,213.73635736666435,1
1771697322.812601,-0.43737412346991583,216.1221008855754,1
1771697322.8263118,-0.4690199613057647,221.96365648933102,1
1771697322.833169,-0.4710584408410908,224.10437001005462,1
1771697322.840693,-0.4446682269933357,240.48935232352525,1
1771697322.8473349,-0.46974199425479435,248.31415283474996,1
1771697322.8842108,-0.47154355825095173,245.554262562505,1
1771697323.144706,-0.44462977586680064,294.6258443112513,1
1771697323.2393322,-0.4225379637237791,288.2018393503622,1
1771697323.5139022,-0.7094885757084768,2004.5454545454547,-1
1771697323.566904,-0.6223482525564331,773.8809626778024,1
1771697337.210786,-0.6777444369764293,1302.1507862348517,-1
1771697337.577813,-0.6131637898745635,1323.4374219663189,1
1771697338.428171,-0.6630932269809796,881.2165093343593,-1
1771697372.215279,-0.41690004565173683,298.67555544004966,1
1771697372.22473,-0.401883033792497,293.17697060313304,1
1771697372.233829,-0.3951823553175541,290.9523649726314,1
1771697372.2423072,-0.4101283351750361,289.26837901379264,1
1771697372.267555,-0.3815719946936495,280.92095825759554,1
1771697372.321028,-0.3746224177794051,275.5982092544477,1
1771697372.359114,-0.39475212422354133,278.2368840236368,1
1771697372.408499,-0.38011200850608506,275.38047070258654,1
1771697372.47214,-0.42030408437373296,273.25876383982677,1
1771697372.524416,-0.38741058462843986,272.95291454945465,1
1771697372.569695,-0.378149028104442,273.6710002665176,1
1771697373.157263,-0.39104979312847743,243.05497606020376,1
1771697373.182903,-0.4205614494513105,235.4827922523106,1
1771697373.293052,-0.413980101628463,236.49983568937122,1
1771697374.897611,-0.3939041744189289,280.9404058380041,1
1771697375.036333,-0.37007095773526677,277.7945784035437,1
1771697375.0691898,-0.42768516448986726,281.2430016796161,1
1771697375.129455,-0.3799107639492171,278.5627727232194,1
1771697375.177355,-0.3787559154580324,275.4419583182665,1
1771697375.298095,-0.42827941270769504,275.37314158497105,1
1771697375.334481,-0.4046309874086426,272.7133454351668,1
1771697375.367486,-0.405409730495802,272.78073439986474,1
1771697375.414698,-0.4071790378610803,227.75933031909926,1
1771697375.576267,-0.3736160653141227,268.46021537069635,1
1771697375.5878441,-0.3732018175649633,268.9603993987677,1
1771697390.2333272,-0.3873326708263502,206.71897772851923,1
1771697390.2466009,-0.43675346936671594,200.25338469154272,1
1771697390.2595441,-0.3908540952356461,301.9183875712816,1
1771697391.003786,-0.4960149391292156,197.48537561653163,1
1771697391.692363,-0.43369009978384754,182.65260715986778,1
1771697391.745017,-0.46142467255443437,180.3866394556161,1
1771697391.7570271,-0.4493019567302845,177.49871417408136,1
1771697391.774206,-0.47974600449758154,176.00497290076567,1
1771697392.838861,-0.5057944700317683,152.09419795714996,1
1771697398.376512,-0.4639460218695686,218.95754624885822,1
1771697398.396111,-0.43589373579157137,228.99912108727108,1
1771697398.4662368,-0.4158570847713955,235.88988752121904,1
1771697398.511544,-0.3777355423655881,233.799718006951,1
1771697398.557827,-0.44947783751472287,232.28929373371386,1
1771697398.600898,-0.4469056037369281,229.4477483522401,1
1771697400.216866,-0.47816310390270483,722.5657697485566,1
1771697400.257514,-0.4448379461662919,148.6228511461476,1
1771697400.3057961,-0.4421388598785768,154.2483116794766,1
1771697400.348671,-0.47725816194674864,162.54592367959194,1
1771697400.4115222,-0.5062079099977598,159.07038213389066,1
1771697400.4609191,-0.5158737230146347,152.7785381906622,1
1771697401.510345,-0.6524657926885085,1170.1810000761745,-1
1771697401.558871,-0.6053121053466298,1131.7056121012513,1
1771697402.2960482,-0.6621036420607989,875.2484034376376,-1
1771697404.256768,-0.6889143848622363,2004.5454545454547,-1
1771697404.302264,-0.693011427080711,2004.5454545454547,-1
1771697405.359355,-0.6372911987996139,896.4975595877225,-1
1771697408.568851,-0.4138573367504452,199.15077838815304,1
1771697408.633769,-0.48890981167209707,195.51231383505691,1
1771697408.6796732,-0.4816542413471107,190.6532209409279,1
1771697408.758917,-0.40091089105708994,168.49483320254615,1
1771697409.309458,-0.4837058659226822,450.81773458152946,1
1771697413.438624,-0.4623795689651543,195.74489944151244,1
1771697414.0588858,-0.48481746016879007,169.64019702345874,1
1771697415.916675,-0.4746628428879522,164.93761816816655,1
1771697416.07728,-0.4575435577700435,168.22133312680853,1
1771697416.118243,-0.4401620183815731,176.07418027093306,1
1771697416.140987,-0.3932703630393373,179.89323678979164,1
1771697416.4675908,-0.40858096522155074,170.00364886655458,1
1771697416.5127249,-0.4767363407443112,164.6675462004214,1
1771697416.558343,-0.5066443788288612,167.7634465702357,1
1771697416.603879,-0.503907280582307,171.3174573507268,1
1771697416.6475031,-0.4884630902464373,169.92972998797973,1
1771697417.50037,-0.4592348928089439,181.56939932064665,1
1771697417.5414422,-0.4742886923363069,194.2045860210826,1
1771697417.61534,-0.476783567402622,193.41990032545255,1
1771697417.660177,-0.448396786283216,201.39110557663162,1
1771697417.76679,-0.49562650626242816,322.4163248756397,1
1771697417.797004,-0.4391565216180303,183.3088314880638,1
1771697417.8681421,-0.4130584317433019,182.90023411825254,1
1771697417.911267,-0.3998777886268562,180.9613322985118,1
1771697417.960619,-0.39349035105608604,185.2558415153707,1
1771697418.050847,-0.5036877932346029,173.118983623655,1
1771697418.093825,-0.45373259346794637,164.25032422539883,1
1771697418.301334,-0.6391842021490515,1841.8708999695755,-1
1771697419.70572,-0.5020290669402347,666.3065914243733,1
1771697419.718344,-0.4925007017161313,158.15812093170612,1
1771697419.729234,-0.49072143487048286,168.2960229151079,1
1771697419.745825,-0.5006022405143833,171.70719186942634,1
1771697419.879379,-0.5022946031180124,157.25378891486878,1
1771697419.916687,-0.49622013908271095,152.4624823655707,1
1771697420.5107222,-0.736583512887683,2004.5454545454547,-1
1771697421.0213802,-0.6027835341509193,1396.1236190300795,1
1771697421.053782,-0.6374286099537056,1116.344957920748,-1
1771697421.957191,-0.6098721223795334,806.465338495642,1
1771697422.959212,-0.6819426632126406,1307.2827316851865,-1
1771697423.665806,-0.504034464838025,177.0691602748952,1
1771697423.677505,-0.46147489565894306,174.54819618346707,1
1771697423.696564,-0.4039702967129437,290.77235280010126,1
1771697423.743639,-0.4239689348542786,190.05053089669465,1
1771697423.899752,-0.4247822597857624,194.9080261204665,1
1771697423.924184,-0.4084471071981029,171.6674569811579,1
1771697423.962368,-0.45053068865780505,169.55787528836547,1
1771697423.995967,-0.4533894499280755,173.2702442031773,1
1771697424.146914,-0.6681398025391299,1844.7738996938813,-1
1771697424.1786602,-0.44177406930298696,367.1972741611708,1
1771697424.227764,-0.43694229586170436,360.9502678871038,1
1771697424.260923,-0.5060850198437895,177.9069479184035,1
1771697424.5177212,-0.4567472744743323,146.63309707234797,1
1771697424.549633,-0.535699606884978,518.8128001784028,1
1771697424.8917692,-0.4431824501428335,153.44604086339487,1
1771697424.962155,-0.4425065626045125,156.37833091464833,1
1771697425.007745,-0.6002899662667648,1267.1760412210845,1
1771697425.054687,-0.4833037442986214,153.50404244950408,1
1771697425.522005,-0.611597908166621,647.8636364933674,1
1771697425.693433,-0.4714071790367739,163.37428823745321,1
1771697426.155272,-0.6289990999774506,787.7625590354259,1
1771697426.912439,-0.6457763136440772,1169.1165756408084,-1
1771697426.956404,-0.5953203111732953,882.305540021498,1
1771697427.899046,-0.6083387300717229,787.5896101631148,1
1771697428.802146,-0.595142853309755,814.3712640535963,1
1771697428.84393,-0.5966412978550473,848.9391059648759,1
1771697430.315607,-0.66264473891554,903.3503093325866,-1
1771697431.502441,-0.5092370424730247,156.84800152824187,1
1771697431.5972118,-0.5228567857800106,154.96542133828618,1
1771697431.7103958,-0.46076363062624653,148.00896484066905,1
1771697432.239572,-0.47121753241420483,171.65313322704802,1
1771697432.354395,-0.44138894563308023,183.19251783742456,1
1771697432.910503,-0.5020961763997517,161.27553182632792,1
1771697432.954085,-0.4600529900794114,166.5012260707749,1
1771697432.997359,-0.49810002237973655,168.11408054605877,1
1771697433.0397491,-0.4618822615410321,187.0257577400242,1
1771697433.087637,-0.4859630340877628,187.32298395587244,1
1771697433.1533701,-0.5113819547541358,184.18227074980553,1
1771697433.250313,-0.4527135846968677,184.62380399438916,1
1771697434.269275,-0.5418767659826238,157.08893359733247,1
1771697437.5268989,-0.5466633802042513,153.13108878420053,1
1771697440.2234151,-0.4586771758399065,385.6216173372447,1
1771697440.5743291,-0.39695274666431507,208.2554747049002,1
1771697440.8642812,-0.42136450957112087,206.00179094260056,1
1771697441.279596,-0.5388758313955161,156.6073623304559,1
1771697441.56269,-0.5553587077059455,194.93594395355908,1
1771697441.903758,-0.4030784548325243,197.27653351003028,1
1771697442.099663,-0.5910175681258744,99.6757354807125,1
1771697442.3974552,-0.417568219380784,182.6525242866145,1
1771697442.584278,-0.4770077951809591,169.41369851684226,1
1771697448.739118,-0.5845359031503746,610.2588384301193,1
1771697448.774465,-0.6720635602618013,1201.0926948859776,-1
1771697448.822915,-0.45967701660249605,205.70775556856415,1
1771697448.855158,-0.460774514744038,466.90070361353895,1
